{"train_one_epoch loss": 0.3879098892211914, "_timestamp": 1682325641.6035411, "_runtime": 46.130460023880005, "_step": 2999, "train_epoch": 60, "train_loss": 19.701507329940796, "train_acc": 0.8219895287958116, "train_f1": 0.5168738898756661, "train_rec": 0.4092827004219409, "train_mcc": 0.43958294230484785, "train_auc": 0.6782021178015888, "train_aupr": 0.6239610373364357, "val_epoch": 60, "val_loss": 7.620093375444412, "val_acc": 0.7829076620825147, "val_f1": 0.4775413711583924, "val_rec": 0.4190871369294606, "val_mcc": 0.3492771275775378, "val_auc": 0.6574200163411782, "val_aupr": 0.5557783749156467, "_wandb": {"runtime": 39}}