{"train_one_epoch loss": 0.24708020687103271, "_timestamp": 1682318444.7561638, "_runtime": 86.14807176589966, "_step": 7499, "train_epoch": 150, "train_loss": 14.490422561764717, "train_acc": 0.8727094240837696, "train_f1": 0.6920031670625495, "train_rec": 0.6146272855133614, "train_mcc": 0.6211818641647862, "train_auc": 0.7827933868931413, "train_aupr": 0.7479768190219511, "val_epoch": 150, "val_loss": 22.315004885196686, "val_acc": 0.7770137524557956, "val_f1": 0.1863799283154122, "val_rec": 0.1078838174273859, "val_mcc": 0.20728754166220512, "val_auc": 0.5462199009916853, "val_aupr": 0.5016463860169708, "_wandb": {"runtime": 83}}