{"train_one_epoch loss": 0.4334143102169037, "_timestamp": 1682316986.0570018, "_runtime": 35.954285860061646, "_step": 2499, "train_epoch": 50, "train_loss": 18.997329115867615, "train_acc": 0.8288612565445026, "train_f1": 0.5487489214840379, "train_rec": 0.4472573839662447, "train_mcc": 0.4680587173463697, "train_auc": 0.6959101418765126, "train_aupr": 0.6428391444887319, "val_epoch": 50, "val_loss": 9.247699856758118, "val_acc": 0.7779960707269156, "val_f1": 0.4052631578947368, "val_rec": 0.31950207468879666, "val_mcc": 0.2967561391292973, "val_auc": 0.6198539974473584, "val_aupr": 0.5172795528424126, "_wandb": {"runtime": 34}}