{"train_one_epoch loss": 0.30719488859176636, "_timestamp": 1682261036.559942, "_runtime": 63.01147508621216, "_step": 4899, "train_epoch": 50, "train_loss": 38.48155236244202, "train_acc": 0.8268979057591623, "train_f1": 0.5550883095037847, "train_rec": 0.4641350210970464, "train_mcc": 0.4664649682668946, "train_auc": 0.700511007350229, "train_aupr": 0.6395921825019066, "val_epoch": 50, "val_loss": 17.16468197107315, "val_acc": 0.7927308447937131, "val_f1": 0.3507692307692308, "val_rec": 0.23651452282157676, "val_mcc": 0.31171150489112937, "val_auc": 0.600882744036271, "val_aupr": 0.5479162566395281, "_wandb": {"runtime": 60}}