{"train_one_epoch loss": 0.3839801549911499, "_timestamp": 1682261536.8999867, "_runtime": 57.98703575134277, "_step": 4899, "train_epoch": 50, "train_loss": 37.858235880732536, "train_acc": 0.831151832460733, "train_f1": 0.5567010309278351, "train_rec": 0.45569620253164556, "train_mcc": 0.47645699830251126, "train_auc": 0.7003427707754176, "train_aupr": 0.648782058132783, "val_epoch": 50, "val_loss": 18.260272473096848, "val_acc": 0.7829076620825147, "val_f1": 0.28478964401294493, "val_rec": 0.1825726141078838, "val_mcc": 0.25825230966142354, "val_auc": 0.5758422916099264, "val_aupr": 0.5115740685239523, "_wandb": {"runtime": 56}}