{"train_one_epoch loss": 0.44665515422821045, "_timestamp": 1682319653.156156, "_runtime": 40.78292417526245, "_step": 2999, "train_epoch": 60, "train_loss": 20.129423648118973, "train_acc": 0.8183900523560209, "train_f1": 0.4986449864498645, "train_rec": 0.3881856540084388, "train_mcc": 0.42399857493565835, "train_auc": 0.6685064730596566, "train_aupr": 0.6137491414576544, "val_epoch": 60, "val_loss": 7.507437467575073, "val_acc": 0.793713163064833, "val_f1": 0.5333333333333333, "val_rec": 0.4979253112033195, "val_mcc": 0.4034628651108743, "val_auc": 0.6916910983301024, "val_aupr": 0.595474250717329, "_wandb": {"runtime": 39}}