{"train_one_epoch loss": 0.35109850764274597, "_timestamp": 1681889040.5515323, "_runtime": 30.157479286193848, "_step": 2499, "train_epoch": 50, "train_loss": 16.53387239575386, "train_acc": 0.8350785340314136, "train_f1": 0.6140888208269526, "train_pre": 0.6739495798319328, "train_rec": 0.5639943741209564, "train_mcc": 0.5135424634365864, "train_auc": 0.7406325815167683, "train_aupr": 0.6696918722644027, "val_epoch": 50, "val_loss": 7.3212670981884, "val_acc": 0.793713163064833, "val_f1": 0.5588235294117648, "val_pre": 0.5659574468085107, "val_rec": 0.5518672199170125, "val_mcc": 0.4242934724701989, "val_auc": 0.7102965443214406, "val_aupr": 0.611957520003233, "_wandb": {"runtime": 28}}