{"train_one_epoch loss": 0.3704417645931244, "_timestamp": 1682255133.188977, "_runtime": 56.95874309539795, "_step": 4899, "train_epoch": 50, "train_loss": 37.49233289062977, "train_acc": 0.8295157068062827, "train_f1": 0.5481352992194276, "train_rec": 0.4444444444444444, "train_mcc": 0.469353727808527, "train_auc": 0.6953565505804312, "train_aupr": 0.6443152489214239, "val_epoch": 50, "val_loss": 16.00636652112007, "val_acc": 0.7838899803536346, "val_f1": 0.5299145299145299, "val_rec": 0.5145228215767634, "val_mcc": 0.39006561257562455, "val_auc": 0.6909808445078155, "val_aupr": 0.5878547829528573, "_wandb": {"runtime": 55}}