{"train_one_epoch loss": 0.12738972902297974, "_timestamp": 1681879351.8214226, "_runtime": 26.703110694885254, "_step": 2499, "train_epoch": 50, "train_loss": 2.460424743592739, "train_acc": 0.981348167539267, "train_f1": 0.9596602972399151, "train_pre": 0.9658119658119658, "train_rec": 0.9535864978902954, "train_mcc": 0.9475632154339303, "train_auc": 0.9716759781562351, "train_aupr": 0.9650984465108166, "val_epoch": 50, "val_loss": 18.876777172088623, "val_acc": 0.8084479371316307, "val_f1": 0.5255474452554745, "val_pre": 0.6352941176470588, "val_rec": 0.44813278008298757, "val_mcc": 0.419801508855947, "val_auc": 0.6841693501444539, "val_aupr": 0.6070376138944927, "_wandb": {"runtime": 25}}