{"train_one_epoch loss": 0.4212079346179962, "_timestamp": 1682324894.6920042, "_runtime": 42.40927815437317, "_step": 2999, "train_epoch": 60, "train_loss": 20.07501831650734, "train_acc": 0.8147905759162304, "train_f1": 0.49644128113878994, "train_rec": 0.3924050632911392, "train_mcc": 0.41434987770695864, "train_auc": 0.667631103074141, "train_aupr": 0.6046555570122519, "val_epoch": 60, "val_loss": 8.106965452432632, "val_acc": 0.7642436149312377, "val_f1": 0.5275590551181102, "val_rec": 0.5560165975103735, "val_mcc": 0.37190306802289297, "val_auc": 0.6924227131696011, "val_aupr": 0.5814986558481132, "_wandb": {"runtime": 40}}