{"train_one_epoch loss": 0.539584219455719, "_timestamp": 1681889345.8094153, "_runtime": 9.99372935295105, "_step": 47}