{"train_one_epoch loss": 0.409347802400589, "_timestamp": 1682317672.042677, "_runtime": 35.798173904418945, "_step": 2499, "train_epoch": 50, "train_loss": 20.085340678691864, "train_acc": 0.8180628272251309, "train_f1": 0.5035714285714284, "train_rec": 0.39662447257383965, "train_mcc": 0.4249970696136679, "train_auc": 0.6712333450289241, "train_aupr": 0.6132453031464546, "val_epoch": 50, "val_loss": 7.317278563976288, "val_acc": 0.7809430255402751, "val_f1": 0.47529411764705887, "val_rec": 0.4190871369294606, "val_mcc": 0.3449465739935515, "val_auc": 0.6561330150541769, "val_aupr": 0.5527623691822496, "_wandb": {"runtime": 34}}