{"train_one_epoch loss": 0.21937792003154755, "_timestamp": 1681878062.5835547, "_runtime": 30.69543981552124, "_step": 2499, "train_epoch": 50, "train_loss": 11.048968210816383, "train_acc": 0.9073952879581152, "train_f1": 0.7814671814671814, "train_pre": 0.8664383561643836, "train_rec": 0.7116736990154712, "train_mcc": 0.7290691624415422, "train_auc": 0.8392057194437696, "train_aupr": 0.8225966035061577, "val_epoch": 50, "val_loss": 11.643521636724472, "val_acc": 0.8153241650294696, "val_f1": 0.5052631578947367, "val_pre": 0.6906474820143885, "val_rec": 0.3983402489626556, "val_mcc": 0.42462962684375516, "val_auc": 0.6714995968108001, "val_aupr": 0.6157119401447106, "_wandb": {"runtime": 27}}