{"train_epoch": 1, "train_loss": 51.72525045275688, "train_acc": 0.7676701570680629, "train_f1": 0.08268733850129198, "train_rec": 0.0450070323488045, "train_mcc": 0.09452306993007742, "train_auc": 0.5158937080720568, "train_aupr": 0.38756470207982896, "_timestamp": 1682254212.7828956, "_runtime": 8.670157670974731, "_step": 96}