{"train_one_epoch loss": 0.5446574091911316, "_timestamp": 1682472729.9001026, "_runtime": 36.309059619903564, "_step": 2499, "train_epoch": 100, "train_loss": 11.300335168838501, "train_acc": 0.760196905766526, "train_f1": 0.7559055118110236, "train_rec": 0.7426160337552743, "train_mcc": 0.5207158041222629, "train_auc": 0.7601969057665261, "train_aupr": 0.8204936585845912, "val_epoch": 100, "val_loss": 5.1645583510398865, "val_acc": 0.6763485477178424, "val_f1": 0.706766917293233, "val_rec": 0.7800829875518672, "val_mcc": 0.3605419037606028, "val_auc": 0.6763485477178423, "val_aupr": 0.7680448018707846, "_wandb": {"runtime": 34}}