{"train_epoch": 9, "train_loss": 34.703561790287495, "train_acc": 0.8504581151832461, "train_f1": 0.6123833757421544, "train_rec": 0.5077355836849508, "train_mcc": 0.5421797829389919, "train_auc": 0.7310532929085735, "train_aupr": 0.6968159504319952, "_timestamp": 1681738397.490491, "_runtime": 168.90231680870056, "_step": 19, "val_epoch": 9, "val_loss": 14.806688010692596, "val_acc": 0.8113948919449901, "val_f1": 0.5175879396984924, "val_rec": 0.42738589211618255, "val_mcc": 0.42122539888870164, "val_auc": 0.6789439113090565, "val_aupr": 0.6094983844723667, "_wandb": {"runtime": 167}}