{"train_one_epoch loss": 0.00046345789451152086, "_timestamp": 1681879051.493726, "_runtime": 25.21833109855652, "_step": 2499, "train_epoch": 50, "train_loss": 0.028565734886797145, "train_acc": 1.0, "train_f1": 1.0, "train_pre": 1.0, "train_rec": 1.0, "train_mcc": 1.0, "train_auc": 1.0, "train_aupr": 1.0, "val_epoch": 50, "val_loss": 14.627952814102173, "val_acc": 0.8143418467583498, "val_f1": 0.5655172413793104, "val_pre": 0.634020618556701, "val_rec": 0.5103734439834025, "val_mcc": 0.45348695878594997, "val_auc": 0.7094981763031555, "val_aupr": 0.6301538092661225, "_wandb": {"runtime": 23}}