{"train_one_epoch loss": 0.37034180760383606, "_timestamp": 1682316780.56588, "_runtime": 101.33540105819702, "_step": 9649, "train_epoch": 50, "train_loss": 73.47443269193172, "train_acc": 0.8331151832460733, "train_f1": 0.5595854922279792, "train_rec": 0.45569620253164556, "train_mcc": 0.4821515058060125, "train_auc": 0.7016220884726457, "train_aupr": 0.6535822714755982, "val_epoch": 50, "val_loss": 35.20864988863468, "val_acc": 0.7848722986247544, "val_f1": 0.3219814241486068, "val_rec": 0.2157676348547718, "val_mcc": 0.2767158011155446, "val_auc": 0.5885787981223666, "val_aupr": 0.5177860647799184, "_wandb": {"runtime": 99}}