{"train_one_epoch loss": 0.6769127249717712, "_timestamp": 1681874267.360727, "_runtime": 8.564709186553955, "_step": 0}