{"train_one_epoch loss": 0.3667812943458557, "_timestamp": 1682255411.6371455, "_runtime": 59.97266960144043, "_step": 4899, "train_epoch": 50, "train_loss": 38.46511295437813, "train_acc": 0.8282068062827225, "train_f1": 0.5422842197035745, "train_rec": 0.43741209563994377, "train_mcc": 0.46404999473062936, "train_auc": 0.6920535957943854, "train_aupr": 0.6408024501447713, "val_epoch": 50, "val_loss": 16.377991378307343, "val_acc": 0.7888015717092338, "val_f1": 0.4109589041095891, "val_rec": 0.3112033195020747, "val_mcc": 0.3225051509347397, "val_auc": 0.6240701282195058, "val_aupr": 0.5395534310926939, "_wandb": {"runtime": 58}}