{"train_one_epoch loss": 0.3714871406555176, "_timestamp": 1682429147.8709826, "_runtime": 24.750235557556152, "_step": 2499, "train_epoch": 100, "train_loss": 10.259202718734741, "train_acc": 0.7967651195499297, "train_f1": 0.7898181818181818, "train_rec": 0.7637130801687764, "train_mcc": 0.5948312937702984, "train_auc": 0.7967651195499297, "train_aupr": 0.8498138122108688, "val_epoch": 100, "val_loss": 5.036477625370026, "val_acc": 0.6908713692946058, "val_f1": 0.7049504950495049, "val_rec": 0.7385892116182573, "val_mcc": 0.3834931554513189, "val_auc": 0.6908713692946058, "val_aupr": 0.7717685150257765, "_wandb": {"runtime": 22}}