{"val_epoch": 1, "val_loss": 17.477482438087463, "val_acc": 0.7632612966601179, "val_f1": 0.0, "val_rec": 0.0, "val_mcc": 0.0, "val_auc": 0.5, "val_aupr": 0.6183693516699411, "_timestamp": 1682260923.3956764, "_runtime": 11.456883430480957, "_step": 97}