{"train_one_epoch loss": 0.3788670599460602, "_timestamp": 1682324121.960852, "_runtime": 40.68127989768982, "_step": 2999, "train_epoch": 60, "train_loss": 19.526409685611725, "train_acc": 0.8275523560209425, "train_f1": 0.5298840321141838, "train_rec": 0.4177215189873418, "train_mcc": 0.4581140846911366, "train_auc": 0.6847669428625408, "train_aupr": 0.6387914835391313, "val_epoch": 60, "val_loss": 7.743112176656723, "val_acc": 0.7897838899803536, "val_f1": 0.4338624338624339, "val_rec": 0.34024896265560167, "val_mcc": 0.33563819039855336, "val_auc": 0.6347319459352655, "val_aupr": 0.5474888568745291, "_wandb": {"runtime": 39}}