{"train_one_epoch loss": 0.42680832743644714, "_timestamp": 1682258255.2284532, "_runtime": 59.33407115936279, "_step": 4899, "train_epoch": 50, "train_loss": 38.41407407820225, "train_acc": 0.8327879581151832, "train_f1": 0.5665818490245971, "train_rec": 0.469760900140647, "train_mcc": 0.4841159331102358, "train_auc": 0.7063090214988949, "train_aupr": 0.6533999940807053, "val_epoch": 50, "val_loss": 17.211389899253845, "val_acc": 0.7809430255402751, "val_f1": 0.40214477211796246, "val_rec": 0.3112033195020747, "val_mcc": 0.3009593593321246, "val_auc": 0.6189221230715006, "val_aupr": 0.5212249853448934, "_wandb": {"runtime": 56}}