{"train_one_epoch loss": 0.29221951961517334, "_timestamp": 1682262967.3834674, "_runtime": 58.66338133811951, "_step": 4899, "train_epoch": 50, "train_loss": 37.054255455732346, "train_acc": 0.8321335078534031, "train_f1": 0.5619128949615713, "train_rec": 0.46272855133614627, "train_mcc": 0.48075665917009003, "train_auc": 0.7034325059452586, "train_aupr": 0.6514729713202471, "val_epoch": 50, "val_loss": 16.608937919139862, "val_acc": 0.7917485265225933, "val_f1": 0.3942857142857143, "val_rec": 0.2863070539419087, "val_mcc": 0.3228285047046755, "val_auc": 0.6174135012309285, "val_aupr": 0.5441466597551508, "_wandb": {"runtime": 57}}