{"val_epoch": 1, "val_loss": 17.54126900434494, "val_acc": 0.7632612966601179, "val_f1": 0.0, "val_rec": 0.0, "val_mcc": 0.0, "val_auc": 0.5, "val_aupr": 0.6183693516699411, "_timestamp": 1682260673.7554216, "_runtime": 10.921900749206543, "_step": 97}