{"train_one_epoch loss": 0.058880653232336044, "_timestamp": 1681876414.4154625, "_runtime": 44.61562657356262, "_step": 4899, "train_epoch": 50, "train_loss": 8.520951885730028, "train_acc": 0.9718586387434555, "train_f1": 0.9383070301291248, "train_rec": 0.919831223628692, "train_mcc": 0.920400064928482, "train_auc": 0.95373224294441, "train_aupr": 0.9480116598163083, "val_epoch": 50, "val_loss": 43.85068675875664, "val_acc": 0.7858546168958742, "val_f1": 0.5133928571428571, "val_rec": 0.47717842323651455, "val_mcc": 0.37891758654197777, "val_auc": 0.6793871524161981, "val_aupr": 0.5782530404765851, "_wandb": {"runtime": 43}}