{"train_one_epoch loss": 0.539584219455719, "_timestamp": 1681889504.9821591, "_runtime": 7.879611253738403, "_step": 47}