{"train_one_epoch loss": 0.527340829372406, "_timestamp": 1681889805.1938872, "_runtime": 8.07798433303833, "_step": 47}