{"train_one_epoch loss": 0.4986543357372284, "_timestamp": 1682482423.3590374, "_runtime": 37.81887936592102, "_step": 2499, "train_epoch": 100, "train_loss": 11.422983795404434, "train_acc": 0.7538677918424754, "train_f1": 0.7434017595307918, "train_rec": 0.7130801687763713, "train_mcc": 0.5094334306648091, "train_auc": 0.7538677918424754, "train_aupr": 0.8164783117193608, "val_epoch": 100, "val_loss": 4.895914614200592, "val_acc": 0.7012448132780082, "val_f1": 0.6923076923076924, "val_rec": 0.6721991701244814, "val_mcc": 0.40317047047487886, "val_auc": 0.7012448132780084, "val_aupr": 0.7748779863637194, "_wandb": {"runtime": 36}}