{"train_one_epoch loss": 0.0019932622089982033, "_timestamp": 1681874620.9566443, "_runtime": 46.91759419441223, "_step": 4899, "train_epoch": 50, "train_loss": 1.8840280844306108, "train_acc": 0.993455497382199, "train_f1": 0.9858956276445698, "train_rec": 0.9831223628691983, "train_mcc": 0.9816415350887309, "train_auc": 0.9898554245049616, "train_aupr": 0.9878668235919339, "val_epoch": 50, "val_loss": 56.55098569393158, "val_acc": 0.7642436149312377, "val_f1": 0.5256916996047432, "val_rec": 0.5518672199170125, "val_mcc": 0.3700349094366707, "val_auc": 0.6909915250164212, "val_aupr": 0.5799221928253929, "_wandb": {"runtime": 40}}