{"val_epoch": 1, "val_loss": 17.602087378501892, "val_acc": 0.7632612966601179, "val_f1": 0.0, "val_rec": 0.0, "val_mcc": 0.0, "val_auc": 0.5, "val_aupr": 0.6183693516699411, "_timestamp": 1682260182.916114, "_runtime": 12.204557180404663, "_step": 97}