{"train_one_epoch loss": 0.4569719433784485, "_timestamp": 1682325524.3497827, "_runtime": 17.102346658706665, "_step": 711}