{"train_one_epoch loss": 0.015549898147583008, "_timestamp": 1682254699.8367271, "_runtime": 51.99843907356262, "_step": 4899, "train_epoch": 50, "train_loss": 3.3810346932150424, "train_acc": 0.9895287958115183, "train_f1": 0.9770114942528735, "train_rec": 0.9563994374120957, "train_mcc": 0.9706138555421739, "train_auc": 0.9779864990898431, "train_aupr": 0.9825374938442416, "val_epoch": 50, "val_loss": 42.235978335142136, "val_acc": 0.7544204322200393, "val_f1": 0.4493392070484581, "val_rec": 0.42323651452282157, "val_mcc": 0.293006562182408, "val_auc": 0.6401896858328394, "val_aupr": 0.5193259968225497, "_wandb": {"runtime": 50}}