{"val_epoch": 1, "val_loss": 14.313449412584305, "val_acc": 0.8025540275049116, "val_f1": 0.4724409448818898, "val_rec": 0.37344398340248963, "val_mcc": 0.3815032271037163, "val_auc": 0.6545469595262127, "val_aupr": 0.5823155925993644, "_timestamp": 1681874515.3407278, "_runtime": 7.981457710266113, "_step": 97}