{"train_one_epoch loss": 0.4156813621520996, "_timestamp": 1682321194.6766174, "_runtime": 41.68984627723694, "_step": 2999, "train_epoch": 60, "train_loss": 19.630205541849136, "train_acc": 0.8196989528795812, "train_f1": 0.5136804942630185, "train_rec": 0.4092827004219409, "train_mcc": 0.432844800149844, "train_auc": 0.676709580488156, "train_aupr": 0.6181453575557014, "val_epoch": 60, "val_loss": 7.591965198516846, "val_acc": 0.7868369351669942, "val_f1": 0.32398753894080995, "val_rec": 0.2157676348547718, "val_mcc": 0.28392069905308276, "val_auc": 0.589865799409368, "val_aupr": 0.5257128940482111, "_wandb": {"runtime": 40}}