{"train_one_epoch loss": 0.4865260422229767, "_timestamp": 1682325283.988417, "_runtime": 41.21262001991272, "_step": 2999, "train_epoch": 60, "train_loss": 23.44162568449974, "train_acc": 0.7676701570680629, "train_f1": 0.06084656084656086, "train_rec": 0.03234880450070324, "train_mcc": 0.08056595013518947, "train_auc": 0.5114835706938484, "train_aupr": 0.3842954028320852, "val_epoch": 60, "val_loss": 8.936936616897583, "val_acc": 0.7632612966601179, "val_f1": 0.0, "val_rec": 0.0, "val_mcc": 0.0, "val_auc": 0.5, "val_aupr": 0.6183693516699411, "_wandb": {"runtime": 39}}