{"train_one_epoch loss": 0.7092298269271851, "_timestamp": 1682481555.8069224, "_runtime": 32.71343445777893, "_step": 1499, "train_epoch": 60, "train_loss": 12.604228496551514, "train_acc": 0.7278481012658228, "train_f1": 0.7261146496815285, "train_rec": 0.7215189873417721, "train_mcc": 0.45573271518764996, "train_auc": 0.7278481012658227, "train_aupr": 0.7957643622200584, "val_epoch": 60, "val_loss": 5.096866190433502, "val_acc": 0.6659751037344398, "val_f1": 0.7130124777183601, "val_rec": 0.8298755186721992, "val_mcc": 0.35136418446315326, "val_auc": 0.6659751037344399, "val_aupr": 0.7699688796680498, "_wandb": {"runtime": 26}}