{"train_epoch": 1, "train_loss": 51.72775527834892, "train_acc": 0.7673429319371727, "train_f1": 0.08020698576972833, "train_rec": 0.04360056258790436, "train_mcc": 0.09105122211403169, "train_auc": 0.5151904731916067, "train_aupr": 0.38305682579657, "_timestamp": 1682253086.8408086, "_runtime": 8.356437683105469, "_step": 96}