{"train_one_epoch loss": 0.7202900648117065, "_timestamp": 1682428327.5563774, "_runtime": 17.46140432357788, "_step": 1499, "train_epoch": 60, "train_loss": 12.583720535039902, "train_acc": 0.7334739803094233, "train_f1": 0.7336612789880534, "train_rec": 0.7341772151898734, "train_mcc": 0.46694842246776436, "train_auc": 0.7334739803094233, "train_aupr": 0.8001173375053335, "val_epoch": 60, "val_loss": 4.8534369468688965, "val_acc": 0.6742738589211619, "val_f1": 0.7160940325497287, "val_rec": 0.8215767634854771, "val_mcc": 0.3647350740032343, "val_auc": 0.6742738589211618, "val_aupr": 0.7727018831790615, "_wandb": {"runtime": 15}}