{"train_one_epoch loss": 0.4846178889274597, "_timestamp": 1682262693.3847241, "_runtime": 59.35142922401428, "_step": 4899, "train_epoch": 50, "train_loss": 44.33451695740223, "train_acc": 0.7958115183246073, "train_f1": 0.4045801526717557, "train_rec": 0.2981715893108298, "train_mcc": 0.3303059309534695, "train_auc": 0.6224333426298286, "train_aupr": 0.545268524159664, "val_epoch": 50, "val_loss": 17.659843176603317, "val_acc": 0.7642436149312377, "val_f1": 0.5402298850574714, "val_rec": 0.5850622406639004, "val_mcc": 0.3849999395144684, "val_auc": 0.7024410302418602, "val_aupr": 0.5925367136032449, "_wandb": {"runtime": 57}}