{"train_one_epoch loss": 0.5268825888633728, "_timestamp": 1681889664.1113815, "_runtime": 8.047840595245361, "_step": 47}