{"train_one_epoch loss": 0.28565943241119385, "_timestamp": 1681876638.431352, "_runtime": 44.28285479545593, "_step": 4899, "train_epoch": 50, "train_loss": 28.541292391717434, "train_acc": 0.8455497382198953, "train_f1": 0.6242038216560509, "train_rec": 0.5513361462728551, "train_mcc": 0.5365400510798871, "train_auc": 0.7430454718571099, "train_aupr": 0.6874935090363268, "val_epoch": 50, "val_loss": 20.056178614497185, "val_acc": 0.8143418467583498, "val_f1": 0.5635103926096998, "val_rec": 0.5062240663900415, "val_mcc": 0.45218022850086925, "val_auc": 0.7080669881499757, "val_aupr": 0.6292683036599847, "_wandb": {"runtime": 42}}