{"train_one_epoch loss": 0.04136623814702034, "_timestamp": 1681876071.5605962, "_runtime": 44.83423924446106, "_step": 4899, "train_epoch": 50, "train_loss": 3.3411909511196427, "train_acc": 0.9882198952879581, "train_f1": 0.9745762711864406, "train_rec": 0.9704641350210971, "train_mcc": 0.9669250559443315, "train_auc": 0.9820337732674782, "train_aupr": 0.9780296335125536, "val_epoch": 50, "val_loss": 53.636663764715195, "val_acc": 0.7603143418467584, "val_f1": 0.5020408163265306, "val_rec": 0.5103734439834025, "val_mcc": 0.3443491577788169, "val_auc": 0.6741056409106201, "val_aupr": 0.5601314517950009, "_wandb": {"runtime": 43}}