{"train_one_epoch loss": 0.1340457946062088, "_timestamp": 1681877297.511119, "_runtime": 44.70418095588684, "_step": 4899, "train_epoch": 50, "train_loss": 18.04271953739226, "train_acc": 0.9165575916230366, "train_f1": 0.7987371744277822, "train_pre": 0.9100719424460432, "train_rec": 0.7116736990154712, "train_mcc": 0.7560826040557209, "train_auc": 0.8451758686975009, "train_aupr": 0.8444133966469876, "val_epoch": 50, "val_loss": 29.4433633685112, "val_acc": 0.7996070726915521, "val_f1": 0.5426008968609864, "val_pre": 0.5902439024390244, "val_rec": 0.5020746887966805, "val_mcc": 0.41759588504445344, "val_auc": 0.6969832903442862, "val_aupr": 0.605098391885043, "_wandb": {"runtime": 43}}