{"train_epoch": 1, "train_loss": 50.73747453093529, "train_acc": 0.7666884816753927, "train_f1": 0.037786774628879895, "train_rec": 0.01969057665260197, "train_mcc": 0.05514510439147874, "train_auc": 0.5064337744670259, "train_aupr": 0.3572165797748176, "_timestamp": 1682313481.4851441, "_runtime": 11.713991165161133, "_step": 96}